,Melanogaster, Crassa, Pombe, Gambiae, Elegans
Melanogaster, 0.8685017306741388, 0.7268172078457228, 0.8566342508653371, 0.8348442393275095, 0.8636228778638536
Crassa, 0.8210145915723442, 0.9236328924042002, 0.8189690440474567, 0.8881426428474022,0.8095254329742261
Pombe, 0.9129092032118592, 0.6119003500102944, 0.9192917438748198, 0.8717315215153387, 0.9112620959439983
Gambiae, 0.8178573174905872, 0.8010855214903917, 0.8123808126741968, 0.8346535621729989, 0.8129431323651655
Elegans, 0.8935164043393106, 0.7661988410915254, 0.8881785246750084, 0.8765894399285576, 0.8948052079844938